{
  "timestamp": "2025-08-28T13:57:55.037193",
  "btc_price": 112425.9,
  "portfolio": 7566.930838684187,
  "multiplier": 25.869849021142517,
  "projection": 151338.61677368372,
  "strategy": "Act like 20x whale during growth",
  "council_approved": true,
  "sacred_fire_blessed": true
}