{
  "timestamp": "2025-09-07T19:15:56.947933",
  "doge_price": 0.2278,
  "liquidity": 238.02,
  "doge_amount": 1044.86391571554,
  "target_profit": 159.0282879719052,
  "action": "BUY_IMMEDIATELY"
}